ID Usuario,email
0010000,lina.martinez@example.com
0010001,pedro.garcia@example.com
0010002,pedro.perez@example.com
0010003,jorge.lopez@example.com
0010004,pedro.diaz@example.com
0010005,gina.perez@example.com
0010006,josefa.diaz@example.com
0010007,pedro.martinez@example.com
0010008,sofia.serrano@example.com
0010009,josefa.barrientos@example.com
0010010,gina.serrano@example.com
0010011,lina.lopez@example.com
0010012,sofia.gonzalez@example.com
0010013,gina.gonzalez@example.com
0010014,ana.gonzalez@example.com
0010015,laura.funes@example.com
0010016,pedro.aguilar@example.com
0010017,luis.mosquera@example.com
0010018,carlos.diaz@example.com
0010019,josefa.lopez@example.com
0010020,josefa.asprilla@example.com
0010021,pedro.mosquera@example.com
0010022,jorge.barrientos@example.com
0010023,sofia.garcia@example.com
0010024,pedro.gonzalez@example.com
0010025,angie.valderrama@example.com
0010026,ana.parra@example.com
0010027,pedro.parra@example.com
0010028,ana.asprilla@example.com
0010029,lina.funes@example.com
0010030,wendy.gonzalez@example.com
0010031,elena.lopez@example.com
0010032,laura.rodriguez@example.com
0010033,sofia.funes@example.com
0010034,luis.martinez@example.com
0010035,ana.funes@example.com
0010036,laura.lopez@example.com
0010037,luis.gonzalez@example.com
0010038,laura.aguilar@example.com
0010039,gustavo.martinez@example.com
0010040,laura.mosquera@example.com
0010041,diego.rodriguez@example.com
0010042,lina.fernandez@example.com
0010043,josefa.fernandez@example.com
0010044,josefa.serrano@example.com
0010045,diego.mosquera@example.com
0010046,laura.gonzalez@example.com
0010047,maria.funes@example.com
0010048,jorge.martinez@example.com
0010049,pedro.barrientos@example.com
0010050,jorge.ruiz@example.com
0010051,ana.garcia@example.com
0010052,maria.diaz@example.com
0010053,wendy.mosquera@example.com
0010054,lina.aguilar@example.com
0010055,pedro.sanchez@example.com
0010056,josefa.sanchez@example.com
0010057,maria.parra@example.com
0010058,elena.diaz@example.com
0010059,maria.mosquera@example.com
0010060,diego.asprilla@example.com
0010061,pedro.lopez@example.com
0010062,gustavo.lopez@example.com
0010063,laura.perez@example.com
0010064,carlos.aguilar@example.com
0010065,carlos.cala@example.com
0010066,laura.asprilla@example.com
0010067,angie.gonzalez@example.com
0010068,laura.diaz@example.com
0010069,laura.serrano@example.com
0010070,wendy.cala@example.com
0010071,elena.valderrama@example.com
0010072,pedro.cala@example.com
0010073,pedro.fernandez@example.com
0010074,pedro.rodriguez@example.com
0010075,gustavo.valderrama@example.com
0010076,gustavo.sanchez@example.com
0010077,lina.sanchez@example.com
0010078,maria.barrientos@example.com
0010079,maria.serrano@example.com
0010080,angie.ruiz@example.com
0010081,diego.cala@example.com
0010082,gina.parra@example.com
0010083,gustavo.serrano@example.com
0010084,elena.martinez@example.com
0010085,josefa.funes@example.com
0010086,sofia.rodriguez@example.com
0010087,wendy.sanchez@example.com
0010088,josefa.perez@example.com
0010089,ana.cala@example.com
0010090,sofia.martinez@example.com
0010091,angie.garcia@example.com
0010092,wendy.diaz@example.com
0010093,gina.fernandez@example.com
0010094,ana.serrano@example.com
0010095,gina.mosquera@example.com
0010096,wendy.serrano@example.com
0010097,elena.sanchez@example.com
0010098,maria.ruiz@example.com
0010099,lina.gonzalez@example.com
0010100,maria.martinez@example.com
0010101,josefa.garcia@example.com
0010102,jorge.garcia@example.com
0010103,gina.valderrama@example.com
0010104,diego.perez@example.com
0010105,wendy.rodriguez@example.com
0010106,diego.fernandez@example.com
0010107,gustavo.cala@example.com
0010108,josefa.parra@example.com
0010109,luis.rodriguez@example.com
0010110,lina.parra@example.com
0010111,elena.gonzalez@example.com
0010112,angie.perez@example.com
0010113,angie.serrano@example.com
0010114,gustavo.mosquera@example.com
0010115,josefa.gonzalez@example.com
0010116,elena.garcia@example.com
0010117,ana.aguilar@example.com
0010118,carlos.valderrama@example.com
0010119,elena.rodriguez@example.com
0010120,lina.valderrama@example.com
0010121,sofia.ruiz@example.com
0010122,laura.fernandez@example.com
0010123,luis.sanchez@example.com
0010124,gustavo.funes@example.com
0010125,maria.aguilar@example.com
0010126,diego.diaz@example.com
0010127,gina.cala@example.com
0010128,elena.asprilla@example.com
0010129,gustavo.garcia@example.com
0010130,jorge.serrano@example.com
0010131,josefa.ruiz@example.com
0010132,lina.diaz@example.com
0010133,sofia.fernandez@example.com
0010134,jorge.mosquera@example.com
0010135,wendy.funes@example.com
0010136,lina.serrano@example.com
0010137,gina.rodriguez@example.com
0010138,pedro.ruiz@example.com
0010139,pedro.valderrama@example.com
0010140,angie.parra@example.com
0010141,jorge.rodriguez@example.com
0010142,jorge.aguilar@example.com
0010143,lina.ruiz@example.com
0010144,angie.lopez@example.com
0010145,ana.ruiz@example.com
0010146,angie.cala@example.com
0010147,diego.barrientos@example.com
0010148,laura.valderrama@example.com
0010149,maria.fernandez@example.com
0010150,ana.perez@example.com
0010151,luis.lopez@example.com
0010152,elena.perez@example.com
0010153,carlos.martinez@example.com
0010154,carlos.mosquera@example.com
0010155,gina.lopez@example.com
0010156,maria.rodriguez@example.com
0010157,diego.gonzalez@example.com
0010158,laura.barrientos@example.com
0010159,gustavo.diaz@example.com
0010160,wendy.valderrama@example.com
0010161,diego.sanchez@example.com
0010162,laura.cala@example.com
0010163,luis.fernandez@example.com
0010164,carlos.barrientos@example.com
0010165,luis.asprilla@example.com
0010166,gustavo.parra@example.com
0010167,diego.aguilar@example.com
0010168,carlos.sanchez@example.com
0010169,pedro.asprilla@example.com
0010170,angie.fernandez@example.com
0010171,angie.asprilla@example.com
0010172,luis.diaz@example.com
0010173,pedro.serrano@example.com
0010174,maria.valderrama@example.com
0010175,maria.sanchez@example.com
0010176,maria.lopez@example.com
0010177,sofia.sanchez@example.com
0010178,ana.diaz@example.com
0010179,josefa.martinez@example.com
0010180,elena.cala@example.com
0010181,ana.lopez@example.com
0010182,luis.garcia@example.com
0010183,wendy.asprilla@example.com
0010184,gustavo.asprilla@example.com
0010185,gina.aguilar@example.com
0010186,gina.sanchez@example.com
0010187,carlos.ruiz@example.com
0010188,diego.parra@example.com
0010189,carlos.perez@example.com
0010190,wendy.martinez@example.com
0010191,josefa.rodriguez@example.com
0010192,laura.martinez@example.com
0010193,sofia.cala@example.com
0010194,jorge.perez@example.com
0010195,ana.valderrama@example.com
0010196,pedro.funes@example.com
0010197,sofia.asprilla@example.com
0010198,gina.martinez@example.com
0010199,lina.barrientos@example.com
0010200,lina.asprilla@example.com
0010201,luis.barrientos@example.com
0010202,lina.perez@example.com
0010203,jorge.funes@example.com
0010204,ana.mosquera@example.com
0010205,wendy.perez@example.com
0010206,jorge.cala@example.com
0010207,gustavo.barrientos@example.com
0010208,angie.sanchez@example.com
0010209,luis.valderrama@example.com
0010210,angie.martinez@example.com
0010211,josefa.valderrama@example.com
0010212,wendy.ruiz@example.com
0010213,carlos.serrano@example.com
0010214,sofia.diaz@example.com
0010215,gina.garcia@example.com
0010216,maria.asprilla@example.com
0010217,carlos.funes@example.com
0010218,wendy.fernandez@example.com
0010219,elena.ruiz@example.com
0010220,carlos.garcia@example.com
0010221,luis.cala@example.com
0010222,jorge.gonzalez@example.com
0010223,diego.ruiz@example.com
0010224,maria.garcia@example.com
0010225,josefa.cala@example.com
0010226,diego.valderrama@example.com
0010227,wendy.barrientos@example.com
0010228,jorge.valderrama@example.com
0010229,gina.funes@example.com
0010230,gustavo.fernandez@example.com
0010231,gina.diaz@example.com
0010232,luis.perez@example.com
0010233,ana.fernandez@example.com
0010234,ana.barrientos@example.com
0010235,elena.barrientos@example.com
0010236,lina.rodriguez@example.com
0010237,josefa.mosquera@example.com
0010238,jorge.sanchez@example.com
0010239,luis.ruiz@example.com
0010240,elena.mosquera@example.com
0010241,carlos.fernandez@example.com
0010242,maria.gonzalez@example.com
0010243,laura.ruiz@example.com
0010244,sofia.parra@example.com
0010245,angie.rodriguez@example.com
0010246,sofia.valderrama@example.com
0010247,jorge.diaz@example.com
0010248,ana.sanchez@example.com
0010249,wendy.garcia@example.com
0010250,jorge.asprilla@example.com
0010251,angie.aguilar@example.com
0010252,angie.mosquera@example.com
0010253,angie.funes@example.com
0010254,maria.perez@example.com
0010255,laura.parra@example.com
0010256,elena.aguilar@example.com
0010257,diego.lopez@example.com
0010258,luis.parra@example.com
0010259,lina.garcia@example.com
0010260,elena.parra@example.com
0010261,gustavo.ruiz@example.com
0010262,luis.serrano@example.com
0010263,carlos.lopez@example.com
0010264,sofia.barrientos@example.com
0010265,josefa.aguilar@example.com
0010266,sofia.lopez@example.com
0010267,elena.funes@example.com
0010268,carlos.rodriguez@example.com
0010269,ana.rodriguez@example.com
0010270,carlos.gonzalez@example.com
0010271,carlos.parra@example.com
0010272,sofia.mosquera@example.com
0010273,wendy.lopez@example.com
0010274,laura.sanchez@example.com
0010275,lina.cala@example.com
0010276,lina.mosquera@example.com
0010277,carlos.asprilla@example.com
0010278,luis.funes@example.com
0010279,sofia.perez@example.com
0010280,sofia.aguilar@example.com
0010281,wendy.aguilar@example.com
0010282,gustavo.aguilar@example.com
0010283,diego.martinez@example.com
0010284,elena.serrano@example.com
0010285,gina.barrientos@example.com
0010286,gustavo.rodriguez@example.com
0010287,luis.aguilar@example.com
0010288,diego.serrano@example.com
0010289,maria.cala@example.com
0010290,ana.martinez@example.com
0010291,gina.ruiz@example.com
0010292,jorge.parra@example.com
0010293,gustavo.perez@example.com
0010294,gina.asprilla@example.com
0010295,gustavo.gonzalez@example.com
0010296,jorge.fernandez@example.com
0010297,laura.garcia@example.com
0010298,diego.funes@example.com
0010299,angie.diaz@example.com
0010300,angie.barrientos@example.com
0010301,wendy.parra@example.com
0010302,diego.garcia@example.com
0010303,elena.fernandez@example.com
